{"mse": [0.12763147056102753, 0.12278930842876434, 0.11857199668884277, 0.1129082441329956, 0.10677411407232285, 0.10023129731416702, 0.08899424970149994, 0.08830361813306808, 0.08076976239681244, 0.08655112236738205, 0.07537029683589935, 0.08478720486164093, 0.0826507955789566, 0.07775890827178955, 0.07080220431089401, 0.08337937295436859, 0.08011997491121292, 0.0816892683506012, 0.07515410333871841, 0.07354119420051575, 0.0716746523976326, 0.0726534053683281, 0.07538335025310516, 0.07375866174697876, 0.06864556670188904, 0.062061212956905365, 0.06092403084039688, 0.06863650679588318, 0.06669190526008606, 0.06537596881389618, 0.06016857177019119, 0.0629076287150383, 0.07011076807975769, 0.0632803663611412, 0.06909871101379395, 0.054958995431661606, 0.05374493822455406, 0.06865741312503815, 0.05706122890114784, 0.06405572593212128, 0.06685448437929153, 0.06469658017158508, 0.05237124115228653, 0.06039123237133026, 0.05755765363574028, 0.05335777625441551, 0.0529644675552845, 0.05680232122540474, 0.04897402226924896, 0.06213630363345146, 0.049872975796461105, 0.04312632977962494, 0.05428778752684593, 0.04742400720715523, 0.04544885456562042, 0.054824404418468475, 0.06030138581991196, 0.049386344850063324, 0.0560297928750515, 0.043980032205581665, 0.04970686137676239, 0.03828578069806099, 0.05637819319963455, 0.041801322251558304, 0.046747688204050064], "val_mse": [0.10751216113567352, 0.10405997931957245, 0.0999377891421318, 0.0942179411649704, 0.08666878938674927, 0.07924986630678177, 0.07400593906641006, 0.07246643304824829, 0.07194419205188751, 0.07169027626514435, 0.07102551311254501, 0.07054733484983444, 0.07007342576980591, 0.06981568783521652, 0.06944579631090164, 0.06894194334745407, 0.06955933570861816, 0.06902307271957397, 0.06846171617507935, 0.06829626858234406, 0.06768093258142471, 0.06654930859804153, 0.06602984666824341, 0.0652751475572586, 0.06529033929109573, 0.06474184989929199, 0.06446158140897751, 0.06459029018878937, 0.06530047953128815, 0.06551904231309891, 0.06555256992578506, 0.06605441123247147, 0.06515137106180191, 0.06383734941482544, 0.063176728785038, 0.0630718544125557, 0.06316234916448593, 0.06359344720840454, 0.06541204452514648, 0.06372188776731491, 0.063839390873909, 0.06453142315149307, 0.06542669981718063, 0.06797284632921219, 0.06891880184412003, 0.06827063113451004, 0.06795836240053177, 0.0684167742729187, 0.06900238245725632, 0.06784964352846146, 0.06726720929145813, 0.07006742805242538, 0.06904389709234238, 0.07005935162305832, 0.07123838365077972, 0.07289581000804901, 0.07270684093236923, 0.07386671751737595, 0.07393727451562881, 0.07316146045923233, 0.07330330461263657, 0.07326848804950714, 0.07475792616605759, 0.07441923767328262, 0.0739220455288887], "loss": [0.12763147056102753, 0.12278930842876434, 0.11857199668884277, 0.1129082441329956, 0.10677411407232285, 0.10023129731416702, 0.08899424970149994, 0.08830361813306808, 0.08076976239681244, 0.08655112236738205, 0.07537029683589935, 0.08478720486164093, 0.0826507955789566, 0.07775890827178955, 0.07080220431089401, 0.08337937295436859, 0.08011996746063232, 0.0816892683506012, 0.07515410333871841, 0.07354119420051575, 0.0716746523976326, 0.0726534053683281, 0.07538335025310516, 0.07375866174697876, 0.06864556670188904, 0.062061212956905365, 0.06092403084039688, 0.06863650679588318, 0.06669190526008606, 0.06537596881389618, 0.06016857177019119, 0.0629076287150383, 0.07011076807975769, 0.0632803663611412, 0.06909871101379395, 0.054958995431661606, 0.05374493822455406, 0.06865741312503815, 0.05706122890114784, 0.06405572593212128, 0.06685448437929153, 0.06469658017158508, 0.05237124115228653, 0.06039123237133026, 0.05755765363574028, 0.05335777625441551, 0.0529644675552845, 0.05680232122540474, 0.04897402226924896, 0.06213630363345146, 0.049872975796461105, 0.04312632977962494, 0.05428778752684593, 0.04742400720715523, 0.04544885456562042, 0.054824404418468475, 0.06030138581991196, 0.049386344850063324, 0.0560297928750515, 0.043980032205581665, 0.04970686137676239, 0.03828578069806099, 0.05637819319963455, 0.041801322251558304, 0.046747688204050064], "val_loss": [0.10751216113567352, 0.10405997931957245, 0.0999377891421318, 0.0942179411649704, 0.08666878938674927, 0.07924986630678177, 0.07400593906641006, 0.07246643304824829, 0.07194419205188751, 0.07169027626514435, 0.07102551311254501, 0.07054733484983444, 0.07007342576980591, 0.06981568783521652, 0.06944579631090164, 0.06894194334745407, 0.06955933570861816, 0.06902307271957397, 0.06846171617507935, 0.06829626858234406, 0.06768093258142471, 0.06654930859804153, 0.06602984666824341, 0.0652751475572586, 0.06529033929109573, 0.06474184989929199, 0.06446158140897751, 0.06459029018878937, 0.06530047953128815, 0.06551904231309891, 0.06555256992578506, 0.06605441123247147, 0.06515137106180191, 0.06383734941482544, 0.063176728785038, 0.0630718544125557, 0.06316234916448593, 0.06359344720840454, 0.06541204452514648, 0.06372188776731491, 0.063839390873909, 0.06453142315149307, 0.06542669981718063, 0.06797284632921219, 0.06891880184412003, 0.06827063113451004, 0.06795836240053177, 0.0684167742729187, 0.06900238245725632, 0.06784964352846146, 0.06726720929145813, 0.07006742805242538, 0.06904389709234238, 0.07005935162305832, 0.07123838365077972, 0.07289581000804901, 0.07270684093236923, 0.07386671751737595, 0.07393727451562881, 0.07316146045923233, 0.07330330461263657, 0.07326848804950714, 0.07475792616605759, 0.07441923767328262, 0.0739220455288887]}